code_ins,nom_officiel_rn,nom_unique_etnic,date_debut
11001,AARTSELAAR,Aartselaar,1/04/2014
11002,ANTWERPEN,Antwerpen,1/04/2014
11004,BOECHOUT,Boechout,1/04/2014
11005,BOOM,Boom,1/04/2014
11007,BORSBEEK,Borsbeek,1/04/2014
11008,BRASSCHAAT,Brasschaat,1/04/2014
11009,BRECHT,Brecht,1/04/2014
11013,EDEGEM,Edegem,1/04/2014
11016,ESSEN,Essen,1/04/2014
11018,HEMIKSEM,Hemiksem,1/04/2014
11021,HOVE,Hove,1/04/2014
11022,KALMTHOUT,Kalmthout,1/04/2014
11023,KAPELLEN,Kapellen (ANTWERPEN),1/04/2014
11024,KONTICH,Kontich,1/04/2014
11025,LINT,Lint,1/04/2014
11029,MORTSEL,Mortsel,1/04/2014
11030,NIEL,Niel,1/04/2014
11035,RANST,Ranst,1/04/2014
11037,RUMST,Rumst,1/04/2014
11038,SCHELLE,Schelle,1/04/2014
11039,SCHILDE,Schilde,1/04/2014
11040,SCHOTEN,Schoten,1/04/2014
11044,STABROEK,Stabroek,1/04/2014
11050,WIJNEGEM,Wijnegem,1/04/2014
11052,WOMMELGEM,Wommelgem,1/04/2014
11053,WUUSTWEZEL,Wuustwezel,1/04/2014
11054,ZANDHOVEN,Zandhoven,1/04/2014
11055,ZOERSEL,Zoersel,1/04/2014
11056,ZWIJNDRECHT,Zwijndrecht,1/04/2014
11057,MALLE,Malle,1/04/2014
11210,BRECHT (DISTRICT 2),Brecht (district 2),1/04/2014
11212,ANTWERPEN (BERENDRECHT),Antwerpen (Berendrecht),1/04/2014
11222,ANTWERPEN (ZANDVLIET),Antwerpen (Zandvliet),1/04/2014
11223,ANTWERPEN (BERENDRECHT-ZANDVLIET-LILLO),Antwerpen (Berendrecht-Zandvliet-Lillo),1/04/2014
11232,ANTWERPEN (BERCHEM),Antwerpen (Berchem),1/04/2014
11242,ANTWERPEN (BORGERHOUT),Antwerpen (Borgerhout),1/04/2014
11252,ANTWERPEN (DEURNE),Antwerpen (Deurne),1/04/2014
11262,ANTWERPEN (EKEREN),Antwerpen (Ekeren),1/04/2014
11272,ANTWERPEN (HOBOKEN),Antwerpen (Hoboken),1/04/2014
11282,ANTWERPEN (MERKSEM),Antwerpen (Merksem),1/04/2014
11292,ANTWERPEN (WILRIJK),Antwerpen (Wilrijk),1/04/2014
12002,BERLAAR,Berlaar,1/04/2014
12005,BONHEIDEN,Bonheiden,1/04/2014
12007,BORNEM,Bornem,1/04/2014
12009,DUFFEL,Duffel,1/04/2014
12014,HEIST-OP-DEN-BERG,Heist-op-den-Berg,1/04/2014
12021,LIER,Lier,1/04/2014
12025,MECHELEN,Mechelen,1/04/2014
12026,NIJLEN,Nijlen,1/04/2014
12029,PUTTE,Putte,1/04/2014
12035,SINT-KATELIJNE-WAVER,Sint-Katelijne-Waver,1/04/2014
12040,WILLEBROEK,Willebroek,1/04/2014
12041,PUURS-SINT-AMANDS,Puurs-Sint-Amands,1/01/2019
13001,ARENDONK,Arendonk,1/04/2014
13002,BAARLE-HERTOG,Baarle-Hertog,1/04/2014
13003,BALEN,Balen,1/04/2014
13004,BEERSE,Beerse,1/04/2014
13006,DESSEL,Dessel,1/04/2014
13008,GEEL,Geel,1/04/2014
13010,GROBBENDONK,Grobbendonk,1/04/2014
13011,HERENTALS,Herentals,1/04/2014
13012,HERENTHOUT,Herenthout,1/04/2014
13013,HERSELT,Herselt,1/04/2014
13014,HOOGSTRATEN,Hoogstraten,1/04/2014
13016,HULSHOUT,Hulshout,1/04/2014
13017,KASTERLEE,Kasterlee,1/04/2014
13019,LILLE,Lille,1/04/2014
13021,MEERHOUT,Meerhout,1/04/2014
13023,MERKSPLAS,Merksplas,1/04/2014
13025,MOL,Mol,1/04/2014
13029,OLEN,Olen,1/04/2014
13031,OUD-TURNHOUT,Oud-Turnhout,1/04/2014
13035,RAVELS,Ravels,1/04/2014
13036,RETIE,Retie,1/04/2014
13037,RIJKEVORSEL,Rijkevorsel,1/04/2014
13040,TURNHOUT,Turnhout,1/04/2014
13044,VORSELAAR,Vorselaar,1/04/2014
13046,VOSSELAAR,Vosselaar,1/04/2014
13049,WESTERLO,Westerlo,1/04/2014
13053,LAAKDAL,Laakdal,1/04/2014
21001,ANDERLECHT,Anderlecht,1/01/0001
21002,AUDERGHEM,Auderghem,1/01/0001
21003,BERCHEM-SAINTE-AGATHE,Berchem-Sainte-Agathe,1/01/0001
21004,BRUXELLES,Bruxelles,1/01/0001
21005,ETTERBEEK,Etterbeek,1/01/0001
21006,EVERE,Evere,1/01/0001
21007,FOREST,Forest (BRUXELLES),1/01/0001
21008,GANSHOREN,Ganshoren,1/01/0001
21009,IXELLES,Ixelles,1/01/0001
21010,JETTE,Jette,1/01/0001
21011,KOEKELBERG,Koekelberg,1/01/0001
21012,MOLENBEEK-SAINT-JEAN,Molenbeek-Saint-Jean,1/01/0001
21013,SAINT-GILLES,Saint-Gilles,1/01/0001
21014,SAINT-JOSSE-TEN-NOODE,Saint-Josse-ten-Noode,1/01/0001
21015,SCHAERBEEK,Schaerbeek,1/01/0001
21016,UCCLE,Uccle,1/01/0001
21017,WATERMAEL-BOITSFORT,Watermael-Boitsfort,1/01/0001
21018,WOLUWE-SAINT-LAMBERT,Woluwe-Saint-Lambert,1/01/0001
21019,WOLUWE-SAINT-PIERRE,Woluwe-Saint-Pierre,1/01/0001
21204,BRUXELLES (DISTRICT 2),Bruxelles (district 2),1/01/0001
23002,ASSE,Asse,1/01/0001
23003,BEERSEL,Beersel,1/01/0001
23009,BIEVENE,Biévène,1/01/0001
23016,DILBEEK,Dilbeek,1/01/0001
23023,GALMAARDEN,Galmaarden,1/01/0001
23024,GOOIK,Gooik,1/01/0001
23025,GRIMBERGEN,Grimbergen,1/01/0001
23027,HALLE,Halle (VLAAMS-BRABANT),1/01/0001
23032,HERNE,Herne,1/01/0001
23033,HOEILAART,Hoeilaart,1/01/0001
23038,KAMPENHOUT,Kampenhout,1/01/0001
23039,KAPELLE-OP-DEN-BOS,Kapelle-op-den-Bos,1/01/0001
23044,LIEDEKERKE,Liedekerke,1/01/0001
23045,LONDERZEEL,Londerzeel,1/01/0001
23047,MACHELEN,Machelen (VLAAMS-BRABANT),1/01/0001
23050,MEISE,Meise,1/01/0001
23052,MERCHTEM,Merchtem,1/01/0001
23060,OPWIJK,Opwijk,1/01/0001
23062,OVERIJSE,Overijse,1/01/0001
23064,PEPINGEN,Pepingen,1/01/0001
23077,SINT-PIETERS-LEEUW,Sint-Pieters-Leeuw,1/01/0001
23081,STEENOKKERZEEL,Steenokkerzeel,1/01/0001
23086,TERNAT,Ternat,1/01/0001
23088,VILVOORDE,Vilvoorde,1/01/0001
23094,ZAVENTEM,Zaventem,1/01/0001
23096,ZEMST,Zemst,1/01/0001
23097,ROOSDAAL,Roosdaal,1/01/0001
23098,DROGENBOS,Drogenbos,1/01/0001
23099,KRAAINEM,Kraainem,1/01/0001
23100,LINKEBEEK,Linkebeek,1/01/0001
23101,RHODE-SAINT-GENESE,Rhode-Saint-Genèse,1/01/0001
23102,WEMMEL,Wemmel,1/01/0001
23103,WEZEMBEEK-OPPEM,Wezembeek-Oppem,1/01/0001
23104,LENNIK,Lennik,1/01/0001
23105,AFFLIGEM,Affligem,1/01/0001
24001,AARSCHOT,Aarschot,1/01/0001
24007,BEGIJNENDIJK,Begijnendijk,1/01/0001
24008,BEKKEVOORT,Bekkevoort,1/01/0001
24009,BERTEM,Bertem,1/01/0001
24011,BIERBEEK,Bierbeek,1/01/0001
24014,BOORTMEERBEEK,Boortmeerbeek,1/01/0001
24016,BOUTERSEM,Boutersem,1/01/0001
24020,DIEST,Diest,1/01/0001
24028,GEETBETS,Geetbets,1/01/0001
24033,HAACHT,Haacht,1/01/0001
24038,HERENT,Herent,1/01/0001
24041,HOEGAARDEN,Hoegaarden,1/01/0001
24043,HOLSBEEK,Holsbeek,1/01/0001
24045,HULDENBERG,Huldenberg,1/01/0001
24048,KEERBERGEN,Keerbergen,1/01/0001
24054,KORTENAKEN,Kortenaken,1/01/0001
24055,KORTENBERG,Kortenberg,1/01/0001
24059,LANDEN,Landen,1/01/0001
24062,LEUVEN,Leuven,1/01/0001
24066,LUBBEEK,Lubbeek,1/01/0001
24086,OUD-HEVERLEE,Oud-Heverlee,1/01/0001
24094,ROTSELAAR,Rotselaar,1/01/0001
24104,TERVUREN,Tervuren,1/01/0001
24107,TIENEN,Tienen,1/01/0001
24109,TREMELO,Tremelo,1/01/0001
24130,ZOUTLEEUW,Zoutleeuw,1/01/0001
24133,LINTER,Linter,1/01/0001
24134,SCHERPENHEUVEL-ZICHEM,Scherpenheuvel-Zichem,1/01/0001
24135,TIELT-WINGE,Tielt-Winge,1/01/0001
24137,GLABBEEK,Glabbeek,1/01/0001
25005,BEAUVECHAIN,Beauvechain,1/01/0001
25014,BRAINE-L'ALLEUD,Braine-l'Alleud,1/01/0001
25015,BRAINE-LE-CHATEAU,Braine-le-Château,1/01/0001
25018,CHAUMONT-GISTOUX,Chaumont-Gistoux,1/01/0001
25023,COURT-SAINT-ETIENNE,Court-Saint-Etienne,1/01/0001
25031,GENAPPE,Genappe,1/01/0001
25037,GREZ-DOICEAU,Grez-Doiceau,1/01/0001
25043,INCOURT,Incourt,1/01/0001
25044,ITTRE,Ittre,1/01/0001
25048,JODOIGNE,Jodoigne,1/01/0001
25050,LA HULPE,La Hulpe,1/01/0001
25068,MONT-SAINT-GUIBERT,Mont-Saint-Guibert,1/01/0001
25072,NIVELLES,Nivelles,1/01/0001
25084,PERWEZ,Perwez (BRABANT WALLON),1/01/0001
25091,RIXENSART,Rixensart,1/01/0001
25105,TUBIZE,Tubize,1/01/0001
25107,VILLERS-LA-VILLE,Villers-la-Ville,1/01/0001
25110,WATERLOO,Waterloo,1/01/0001
25112,WAVRE,Wavre,1/01/0001
25117,CHASTRE,Chastre,1/01/0001
25118,HELECINE,Hélécine,1/01/0001
25119,LASNE,Lasne,1/01/0001
25120,ORP-JAUCHE,Orp-Jauche,1/01/0001
25121,OTTIGNIES-LOUVAIN-LA-NEUVE,Ottignies-Louvain-la-Neuve,1/01/0001
25122,RAMILLIES,Ramillies,1/01/0001
25123,REBECQ,Rebecq,1/01/0001
25124,WALHAIN,Walhain,1/01/0001
31003,BEERNEM,Beernem,1/04/2014
31004,BLANKENBERGE,Blankenberge,1/04/2014
31005,BRUGGE,Brugge,1/04/2014
31006,DAMME,Damme,1/04/2014
31012,JABBEKE,Jabbeke,1/04/2014
31022,OOSTKAMP,Oostkamp,1/04/2014
31033,TORHOUT,Torhout,1/04/2014
31040,ZEDELGEM,Zedelgem,1/04/2014
31042,ZUIENKERKE,Zuienkerke,1/04/2014
31043,KNOKKE-HEIST,Knokke-Heist,1/04/2014
31205,BRUGGE (DISTRICT 2),Brugge (district 2),1/04/2014
32003,DIKSMUIDE,Diksmuide,1/04/2014
32006,HOUTHULST,Houthulst,1/04/2014
32010,KOEKELARE,Koekelare,1/04/2014
32011,KORTEMARK,Kortemark,1/04/2014
32030,LO-RENINGE,Lo-Reninge,1/04/2014
33011,IEPER,Ieper,1/04/2014
33016,MESSINES,Messines,1/04/2014
33021,POPERINGE,Poperinge,1/04/2014
33029,WERVIK,Wervik,1/04/2014
33037,ZONNEBEKE,Zonnebeke,1/04/2014
33039,HEUVELLAND,Heuvelland,1/04/2014
33040,LANGEMARK-POELKAPELLE,Langemark-Poelkapelle,1/04/2014
33041,VLETEREN,Vleteren,1/04/2014
34002,ANZEGEM,Anzegem,1/04/2014
34003,AVELGEM,Avelgem,1/04/2014
34009,DEERLIJK,Deerlijk,1/04/2014
34013,HARELBEKE,Harelbeke,1/04/2014
34022,KORTRIJK,Kortrijk,1/04/2014
34023,KUURNE,Kuurne,1/04/2014
34025,LENDELEDE,Lendelede,1/04/2014
34027,MENEN,Menen,1/04/2014
34040,WAREGEM,Waregem,1/04/2014
34041,WEVELGEM,Wevelgem,1/04/2014
34042,ZWEVEGEM,Zwevegem,1/04/2014
34043,ESPIERRES-HELCHIN,Espierres-Helchin,1/04/2014
35002,BREDENE,Bredene,1/04/2014
35005,GISTEL,Gistel,1/04/2014
35006,ICHTEGEM,Ichtegem,1/04/2014
35011,MIDDELKERKE,Middelkerke,1/04/2014
35013,OOSTENDE,Oostende,1/04/2014
35014,OUDENBURG,Oudenburg,1/04/2014
35029,DE HAAN,De Haan,1/04/2014
36006,HOOGLEDE,Hooglede,1/04/2014
36007,INGELMUNSTER,Ingelmunster,1/04/2014
36008,IZEGEM,Izegem,1/04/2014
36010,LEDEGEM,Ledegem,1/04/2014
36011,LICHTERVELDE,Lichtervelde,1/04/2014
36012,MOORSLEDE,Moorslede,1/04/2014
36015,ROESELARE,Roeselare,1/04/2014
36019,STADEN,Staden,1/04/2014
37002,DENTERGEM,Dentergem,1/04/2014
37007,MEULEBEKE,Meulebeke,1/04/2014
37010,OOSTROZEBEKE,Oostrozebeke,1/04/2014
37011,PITTEM,Pittem,1/04/2014
37012,RUISELEDE,Ruiselede,1/04/2014
37015,TIELT,Tielt (WEST-VLAANDEREN),1/04/2014
37017,WIELSBEKE,Wielsbeke,1/04/2014
37018,WINGENE,Wingene,1/04/2014
37020,ARDOOIE,Ardooie,1/04/2014
38002,ALVERINGEM,Alveringem,1/04/2014
38008,DE PANNE,De Panne,1/04/2014
38014,KOKSIJDE,Koksijde,1/04/2014
38016,NIEUWPOORT,Nieuwpoort,1/04/2014
38025,VEURNE,Veurne,1/04/2014
41002,AALST,Aalst (OOST-VLAANDEREN),1/04/2014
41011,DENDERLEEUW,Denderleeuw,1/04/2014
41018,GERAARDSBERGEN,Geraardsbergen,1/04/2014
41024,HAALTERT,Haaltert,1/04/2014
41027,HERZELE,Herzele,1/04/2014
41034,LEDE,Lede,1/04/2014
41048,NINOVE,Ninove,1/04/2014
41063,SINT-LIEVENS-HOUTEM,Sint-Lievens-Houtem,1/04/2014
41081,ZOTTEGEM,Zottegem,1/04/2014
41082,ERPE-MERE,Erpe-Mere,1/04/2014
42003,BERLARE,Berlare,1/04/2014
42004,BUGGENHOUT,Buggenhout,1/04/2014
42006,DENDERMONDE,Dendermonde,1/04/2014
42008,HAMME,Hamme (OOST-VLAANDEREN),1/04/2014
42010,LAARNE,Laarne,1/04/2014
42011,LEBBEKE,Lebbeke,1/04/2014
42023,WAASMUNSTER,Waasmunster,1/04/2014
42025,WETTEREN,Wetteren,1/04/2014
42026,WICHELEN,Wichelen,1/04/2014
42028,ZELE,Zele,1/04/2014
43002,ASSENEDE,Assenede,1/04/2014
43005,EEKLO,Eeklo,1/04/2014
43007,KAPRIJKE,Kaprijke,1/04/2014
43010,MALDEGEM,Maldegem,1/04/2014
43014,SINT-LAUREINS,Sint-Laureins,1/04/2014
43018,ZELZATE,Zelzate,1/04/2014
44012,DE PINTE,De Pinte,1/04/2014
44013,DESTELBERGEN,Destelbergen,1/04/2014
44019,EVERGEM,Evergem,1/04/2014
44020,GAVERE,Gavere,1/04/2014
44021,GENT,Gent,1/04/2014
44034,LOCHRISTI,Lochristi,1/04/2014
44040,MELLE,Melle,1/04/2014
44043,MERELBEKE,Merelbeke,1/04/2014
44045,MOERBEKE,Moerbeke (GENT),1/04/2014
44048,NAZARETH,Nazareth,1/04/2014
44052,OOSTERZELE,Oosterzele,1/04/2014
44064,SINT-MARTENS-LATEM,Sint-Martens-Latem,1/04/2014
44073,WACHTEBEKE,Wachtebeke,1/04/2014
44081,ZULTE,Zulte,1/04/2014
44083,DEINZE,Deinze,1/01/2019
44084,AALTER,Aalter,1/01/2019
44085,LIEVEGEM,Lievegem,1/01/2019
45035,OUDENAARDE,Oudenaarde,1/04/2014
45041,RENAIX,Renaix,1/04/2014
45059,BRAKEL,Brakel,1/04/2014
45060,KLUISBERGEN,Kluisbergen,1/04/2014
45061,WORTEGEM-PETEGEM,Wortegem-Petegem,1/04/2014
45062,HOREBEKE,Horebeke,1/04/2014
45063,LIERDE,Lierde,1/04/2014
45064,MAARKEDAL,Maarkedal,1/04/2014
45065,ZWALM,Zwalm,1/04/2014
45068,KRUISEM,Kruisem,1/01/2019
46003,BEVEREN,Beveren (SINT-NIKLAAS),1/04/2014
46013,KRUIBEKE,Kruibeke,1/04/2014
46014,LOKEREN,Lokeren,1/04/2014
46020,SINT-GILLIS-WAAS,Sint-Gillis-Waas,1/04/2014
46021,SINT-NIKLAAS,Sint-Niklaas,1/04/2014
46024,STEKENE,Stekene,1/04/2014
46025,TEMSE,Temse,1/04/2014
51004,ATH,Ath,1/04/2014
51008,BELOEIL,Beloeil,1/04/2014
51009,BERNISSART,Bernissart,1/04/2014
51012,BRUGELETTE,Brugelette,1/04/2014
51014,CHIEVRES,Chièvres,1/04/2014
51017,ELLEZELLES,Ellezelles,1/04/2014
51019,FLOBECQ,Flobecq,1/04/2014
51065,FRASNES-LEZ-ANVAING,Frasnes-lez-Anvaing,1/04/2014
51067,ENGHIEN,Enghien,1/01/2019
51068,SILLY,Silly,1/01/2019
51069,LESSINES,Lessines,1/01/2019
52010,CHAPELLE-LEZ-HERLAIMONT,Chapelle-lez-Herlaimont,1/04/2014
52011,CHARLEROI,Charleroi,1/04/2014
52012,CHATELET,Châtelet,1/04/2014
52015,COURCELLES,Courcelles,1/04/2014
52018,FARCIENNES,Farciennes,1/04/2014
52021,FLEURUS,Fleurus,1/04/2014
52022,FONTAINE-L'EVEQUE,Fontaine-l'Evêque,1/04/2014
52025,GERPINNES,Gerpinnes,1/04/2014
52048,MONTIGNY-LE-TILLEUL,Montigny-le-Tilleul,1/04/2014
52055,PONT-A-CELLES,Pont-à-Celles,1/04/2014
52074,AISEAU-PRESLES,Aiseau-Presles,1/04/2014
52075,LES BONS VILLERS,Les Bons Villers,1/04/2014
52501,CHARLEROI D1 (CHARLEROI-DAMPREMY),Charleroi D1 (Charleroi-Dampremy),1/04/2014
52502,CHARLEROI D2 (GILLY-LODELINSART),Charleroi D2 (Gilly-Lodelinsart),1/04/2014
52503,CHARLEROI D3 (GOSSELIES-RANSART),Charleroi D3 (Gosselies-Ransart),1/04/2014
52504,CHARLEROI D4 (MONTIGNIES-SUR-SAMBRE-COUILLET),Charleroi D4 (Montignies-sur-Sambre-Couillet),1/04/2014
52505,CHARLEROI D5 (JUMET-ROUX),Charleroi D5 (Jumet-Roux),1/04/2014
52506,CHARLEROI D6 (MARCINELLE-MONT-SUR-MARCHIENNE),Charleroi D6 (Marcinelle-Mont-sur-Marchienne),1/04/2014
52507,CHARLEROI D7 (MARCHIENNE-AU-PONT),Charleroi D7 (Marchienne-au-Pont),1/04/2014
53014,BOUSSU,Boussu,1/04/2014
53020,DOUR,Dour,1/04/2014
53028,FRAMERIES,Frameries,1/04/2014
53039,HENSIES,Hensies,1/04/2014
53044,JURBISE,Jurbise,1/04/2014
53046,LENS,Lens,1/04/2014
53053,MONS,Mons,1/04/2014
53065,QUAREGNON,Quaregnon,1/04/2014
53068,QUIEVRAIN,Quiévrain,1/04/2014
53070,SAINT-GHISLAIN,Saint-Ghislain,1/04/2014
53082,COLFONTAINE,Colfontaine,1/04/2014
53083,HONNELLES,Honnelles,1/04/2014
53084,QUEVY,Quévy,1/04/2014
55004,BRAINE-LE-COMTE,Braine-le-Comte,1/04/2014
55035,LE ROEULX,Le Roeulx,1/04/2014
55040,SOIGNIES,Soignies,1/04/2014
55050,ECAUSSINNES,Ecaussinnes,1/04/2014
55085,SENEFFE,Seneffe,1/01/2019
55086,MANAGE,Manage,1/01/2019
56001,ANDERLUES,Anderlues,1/04/2014
56005,BEAUMONT,Beaumont,1/04/2014
56016,CHIMAY,Chimay,1/04/2014
56022,ERQUELINNES,Erquelinnes,1/04/2014
56029,FROIDCHAPELLE,Froidchapelle,1/04/2014
56044,LOBBES,Lobbes,1/04/2014
56049,MERBES-LE-CHATEAU,Merbes-le-Château,1/04/2014
56051,MOMIGNIES,Momignies,1/04/2014
56078,THUIN,Thuin,1/04/2014
56086,HAM-SUR-HEURE-NALINNES,Ham-sur-Heure-Nalinnes,1/04/2014
56088,SIVRY-RANCE,Sivry-Rance,1/04/2014
57003,ANTOING,Antoing,1/04/2014
57018,CELLES,Celles (HAINAUT),1/04/2014
57027,ESTAIMPUIS,Estaimpuis,1/04/2014
57062,PECQ,Pecq,1/04/2014
57064,PERUWELZ,Péruwelz,1/04/2014
57072,RUMES,Rumes,1/04/2014
57081,TOURNAI,Tournai,1/04/2014
57093,BRUNEHAUT,Brunehaut,1/04/2014
57094,LEUZE-EN-HAINAUT,Leuze-en-Hainaut,1/04/2014
57095,MONT-DE-L'ENCLUS,Mont-de-l'Enclus,1/04/2014
57096,MOUSCRON,Mouscron,1/01/2019
57097,COMINES-WARNETON,Comines-Warneton,1/01/2019
58001,LA LOUVIERE,La Louvière,1/01/2019
58002,BINCHE,Binche,1/01/2019
58003,ESTINNES,Estinnes,1/01/2019
58004,MORLANWELZ,Morlanwelz,1/01/2019
61003,AMAY,Amay,1/04/2014
61010,BURDINNE,Burdinne,1/04/2014
61012,CLAVIER,Clavier,1/04/2014
61019,FERRIERES,Ferrières,1/04/2014
61024,HAMOIR,Hamoir,1/04/2014
61028,HERON,Héron,1/04/2014
61031,HUY,Huy,1/04/2014
61039,MARCHIN,Marchin,1/04/2014
61041,MODAVE,Modave,1/04/2014
61043,NANDRIN,Nandrin,1/04/2014
61048,OUFFET,Ouffet,1/04/2014
61063,VERLAINE,Verlaine,1/04/2014
61068,VILLERS-LE-BOUILLET,Villers-le-Bouillet,1/04/2014
61072,WANZE,Wanze,1/04/2014
61079,ANTHISNES,Anthisnes,1/04/2014
61080,ENGIS,Engis,1/04/2014
61081,TINLOT,Tinlot,1/04/2014
62003,ANS,Ans,1/04/2014
62006,AWANS,Awans,1/04/2014
62009,AYWAILLE,Aywaille,1/04/2014
62011,BASSENGE,Bassenge,1/04/2014
62015,BEYNE-HEUSAY,Beyne-Heusay,1/04/2014
62022,CHAUDFONTAINE,Chaudfontaine,1/04/2014
62026,COMBLAIN-AU-PONT,Comblain-au-Pont,1/04/2014
62027,DALHEM,Dalhem,1/04/2014
62032,ESNEUX,Esneux,1/04/2014
62038,FLERON,Fléron,1/04/2014
62051,HERSTAL,Herstal,1/04/2014
62060,JUPRELLE,Juprelle,1/04/2014
62063,LIEGE,Liège,1/04/2014
62079,OUPEYE,Oupeye,1/04/2014
62093,SAINT-NICOLAS,Saint-Nicolas,1/04/2014
62096,SERAING,Seraing,1/04/2014
62099,SOUMAGNE,Soumagne,1/04/2014
62100,SPRIMONT,Sprimont,1/04/2014
62108,VISE,Visé,1/04/2014
62118,GRACE-HOLLOGNE,Grâce-Hollogne,1/04/2014
62119,BLEGNY,Blegny,1/04/2014
62120,FLEMALLE,Flémalle,1/04/2014
62121,NEUPRE,Neupré,1/04/2014
62122,TROOZ,Trooz,1/04/2014
63001,AMBLEVE,Amblève,1/01/0001
63003,AUBEL,Aubel,1/04/2014
63004,BAELEN,Baelen,1/04/2014
63012,BULLANGE,Bullange,1/01/0001
63013,BUTGENBACH,Butgenbach,1/01/0001
63020,DISON,Dison,1/04/2014
63023,EUPEN,Eupen,1/01/0001
63035,HERVE,Herve,1/04/2014
63038,JALHAY,Jalhay,1/04/2014
63040,LA CALAMINE,La Calamine,1/01/0001
63045,LIERNEUX,Lierneux,1/04/2014
63046,LIMBOURG,Limbourg,1/04/2014
63048,LONTZEN,Lontzen,1/01/0001
63049,MALMEDY,Malmedy,1/04/2014
63057,OLNE,Olne,1/04/2014
63058,PEPINSTER,Pepinster,1/04/2014
63061,RAEREN,Raeren,1/01/0001
63067,SAINT-VITH,Saint-Vith,1/01/0001
63072,SPA,Spa,1/04/2014
63073,STAVELOT,Stavelot,1/04/2014
63075,STOUMONT,Stoumont,1/04/2014
63076,THEUX,Theux,1/04/2014
63079,VERVIERS,Verviers,1/04/2014
63080,WAIMES,Waimes,1/04/2014
63084,WELKENRAEDT,Welkenraedt,1/04/2014
63086,TROIS-PONTS,Trois-Ponts,1/04/2014
63087,BURG-REULAND,Burg-Reuland,1/01/0001
63088,PLOMBIERES,Plombières,1/04/2014
63089,THIMISTER-CLERMONT,Thimister-Clermont,1/04/2014
64008,BERLOZ,Berloz,1/04/2014
64015,BRAIVES,Braives,1/04/2014
64021,CRISNEE,Crisnée,1/04/2014
64023,DONCEEL,Donceel,1/04/2014
64025,FEXHE-LE-HAUT-CLOCHER,Fexhe-le-Haut-Clocher,1/04/2014
64029,GEER,Geer,1/04/2014
64034,HANNUT,Hannut,1/04/2014
64047,LINCENT,Lincent,1/04/2014
64056,OREYE,Oreye,1/04/2014
64063,REMICOURT,Remicourt,1/04/2014
64065,SAINT-GEORGES-SUR-MEUSE,Saint-Georges-sur-Meuse,1/04/2014
64074,WAREMME,Waremme,1/04/2014
64075,WASSEIGES,Wasseiges,1/04/2014
64076,FAIMES,Faimes,1/04/2014
71002,AS,As,1/04/2014
71004,BERINGEN,Beringen,1/04/2014
71011,DIEPENBEEK,Diepenbeek,1/04/2014
71016,GENK,Genk,1/04/2014
71017,GINGELOM,Gingelom,1/04/2014
71020,HALEN,Halen,1/04/2014
71022,HASSELT,Hasselt,1/04/2014
71024,HERK-DE-STAD,Herk-de-Stad,1/04/2014
71034,LEOPOLDSBURG,Leopoldsburg,1/04/2014
71037,LUMMEN,Lummen,1/04/2014
71045,NIEUWERKERKEN,Nieuwerkerken (LIMBURG),1/04/2014
71053,SINT-TRUIDEN,Sint-Truiden,1/04/2014
71057,TESSENDERLO,Tessenderlo,1/04/2014
71066,ZONHOVEN,Zonhoven,1/04/2014
71067,ZUTENDAAL,Zutendaal,1/04/2014
71069,HAM,Ham,1/04/2014
71070,HEUSDEN-ZOLDER,Heusden-Zolder,1/04/2014
72003,BOCHOLT,Bocholt,1/04/2014
72004,BREE,Bree,1/04/2014
72018,KINROOI,Kinrooi,1/04/2014
72020,LOMMEL,Lommel,1/04/2014
72021,MAASEIK,Maaseik,1/04/2014
72030,PEER,Peer,1/04/2014
72037,HAMONT-ACHEL,Hamont-Achel,1/04/2014
72038,HECHTEL-EKSEL,Hechtel-Eksel,1/04/2014
72039,HOUTHALEN-HELCHTEREN,Houthalen-Helchteren,1/04/2014
72041,DILSEN-STOKKEM,Dilsen-Stokkem,1/04/2014
72042,OUDSBERGEN,Oudsbergen,1/01/2019
72043,PELT,Pelt,1/01/2019
73001,ALKEN,Alken,1/04/2014
73006,BILZEN,Bilzen,1/04/2014
73009,BORGLOON,Borgloon,1/04/2014
73022,HEERS,Heers,1/04/2014
73028,HERSTAPPE,Herstappe,1/04/2014
73032,HOESELT,Hoeselt,1/04/2014
73040,KORTESSEM,Kortessem,1/04/2014
73042,LANAKEN,Lanaken,1/04/2014
73066,RIEMST,Riemst,1/04/2014
73083,TONGEREN,Tongeren,1/04/2014
73098,WELLEN,Wellen,1/04/2014
73107,MAASMECHELEN,Maasmechelen,1/04/2014
73109,FOURONS,Fourons,1/04/2014
81001,ARLON,Arlon,1/04/2014
81003,ATTERT,Attert,1/04/2014
81004,AUBANGE,Aubange,1/04/2014
81013,MARTELANGE,Martelange,1/04/2014
81015,MESSANCY,Messancy,1/04/2014
82003,BASTOGNE,Bastogne,1/04/2014
82005,BERTOGNE,Bertogne,1/04/2014
82009,FAUVILLERS,Fauvillers,1/04/2014
82014,HOUFFALIZE,Houffalize,1/04/2014
82032,VIELSALM,Vielsalm,1/04/2014
82036,VAUX-SUR-SURE,Vaux-sur-Sûre,1/04/2014
82037,GOUVY,Gouvy,1/04/2014
82038,SAINTE-ODE,Sainte-Ode,1/04/2014
83012,DURBUY,Durbuy,1/04/2014
83013,EREZEE,Erezée,1/04/2014
83028,HOTTON,Hotton,1/04/2014
83031,LA ROCHE-EN-ARDENNE,La Roche-en-Ardenne,1/04/2014
83034,MARCHE-EN-FAMENNE,Marche-en-Famenne,1/04/2014
83040,NASSOGNE,Nassogne,1/04/2014
83044,RENDEUX,Rendeux,1/04/2014
83049,TENNEVILLE,Tenneville,1/04/2014
83055,MANHAY,Manhay,1/04/2014
84009,BERTRIX,Bertrix,1/04/2014
84010,BOUILLON,Bouillon,1/04/2014
84016,DAVERDISSE,Daverdisse,1/04/2014
84029,HERBEUMONT,Herbeumont,1/04/2014
84033,LEGLISE,Léglise,1/04/2014
84035,LIBIN,Libin,1/04/2014
84043,NEUFCHATEAU,Neufchâteau (LUXEMBOURG),1/04/2014
84050,PALISEUL,Paliseul,1/04/2014
84059,SAINT-HUBERT,Saint-Hubert,1/04/2014
84068,TELLIN,Tellin,1/04/2014
84075,WELLIN,Wellin,1/04/2014
84077,LIBRAMONT-CHEVIGNY,Libramont-Chevigny,1/04/2014
85007,CHINY,Chiny,1/04/2014
85009,ETALLE,Etalle,1/04/2014
85011,FLORENVILLE,Florenville,1/04/2014
85024,MEIX-DEVANT-VIRTON,Meix-devant-Virton,1/04/2014
85026,MUSSON,Musson,1/04/2014
85034,SAINT-LEGER,Saint-Léger (LUXEMBOURG),1/04/2014
85039,TINTIGNY,Tintigny,1/04/2014
85045,VIRTON,Virton,1/04/2014
85046,HABAY,Habay,1/04/2014
85047,ROUVROY,Rouvroy,1/04/2014
91005,ANHEE,Anhée,1/04/2014
91013,BEAURAING,Beauraing,1/04/2014
91015,BIEVRE,Bièvre,1/04/2014
91030,CINEY,Ciney,1/04/2014
91034,DINANT,Dinant,1/04/2014
91054,GEDINNE,Gedinne,1/04/2014
91059,HAMOIS,Hamois,1/04/2014
91064,HAVELANGE,Havelange,1/04/2014
91072,HOUYET,Houyet,1/04/2014
91103,ONHAYE,Onhaye,1/04/2014
91114,ROCHEFORT,Rochefort,1/04/2014
91120,SOMME-LEUZE,Somme-Leuze,1/04/2014
91141,YVOIR,Yvoir,1/04/2014
91142,HASTIERE,Hastière,1/04/2014
91143,VRESSE-SUR-SEMOIS,Vresse-sur-Semois,1/04/2014
92003,ANDENNE,Andenne,1/04/2014
92006,ASSESSE,Assesse,1/04/2014
92035,EGHEZEE,Eghezée,1/04/2014
92045,FLOREFFE,Floreffe,1/04/2014
92048,FOSSES-LA-VILLE,Fosses-la-Ville,1/04/2014
92054,GESVES,Gesves,1/04/2014
92087,METTET,Mettet,1/04/2014
92094,NAMUR,Namur,1/04/2014
92097,OHEY,Ohey,1/04/2014
92101,PROFONDEVILLE,Profondeville,1/04/2014
92114,SOMBREFFE,Sombreffe,1/04/2014
92137,SAMBREVILLE,Sambreville,1/04/2014
92138,FERNELMONT,Fernelmont,1/04/2014
92140,JEMEPPE-SUR-SAMBRE,Jemeppe-sur-Sambre,1/04/2014
92141,LA BRUYERE,La Bruyère,1/04/2014
92142,GEMBLOUX,Gembloux,1/04/2014
93010,CERFONTAINE,Cerfontaine,1/04/2014
93014,COUVIN,Couvin,1/04/2014
93018,DOISCHE,Doische,1/04/2014
93022,FLORENNES,Florennes,1/04/2014
93056,PHILIPPEVILLE,Philippeville,1/04/2014
93088,WALCOURT,Walcourt,1/04/2014
93090,VIROINVAL,Viroinval,1/04/2014
